AUC,MRR,NDCG@5,NDCG@10
0.8767,0.7066,0.7675,0.7784
0.7111,0.4881,0.5455,0.5912
0.6943,0.4506,0.5174,0.5674
0.5003,0.3157,0.3493,0.434
0.597,0.3774,0.4236,0.4965
0.8815,0.7144,0.7744,0.7844
0.8763,0.7059,0.7668,0.7778
0.863,0.6748,0.7398,0.753
0.5635,0.3616,0.403,0.4787
0.8356,0.6385,0.7061,0.7242
0.8339,0.6386,0.7048,0.7239
0.8253,0.6359,0.6997,0.7206
0.7532,0.5206,0.5904,0.6253
0.5001,0.3156,0.3491,0.4339
0.4998,0.3156,0.3489,0.4338
0.7425,0.505,0.5735,0.6131
0.7403,0.5132,0.5727,0.6131
0.7213,0.4832,0.5542,0.5944
0.6503,0.4308,0.4813,0.543
0.5947,0.3834,0.4283,0.4987
0.5169,0.3292,0.3635,0.4454
0.4999,0.3156,0.349,0.4339
0.8924,0.7327,0.7905,0.7985
0.8922,0.7325,0.7901,0.7983
0.8918,0.7317,0.7895,0.7976
0.8918,0.7316,0.7896,0.7977
0.8917,0.7314,0.7894,0.7975
0.8914,0.7309,0.789,0.7971
0.8904,0.7288,0.7871,0.7955
0.8882,0.7261,0.7849,0.7933
0.8872,0.7251,0.784,0.7923
0.8864,0.7228,0.7827,0.791
0.8851,0.7184,0.7773,0.7872
0.884,0.7181,0.7783,0.7872
0.8838,0.7168,0.7747,0.7849
0.8838,0.7176,0.778,0.7869
0.8824,0.7156,0.7763,0.7853
0.8817,0.7104,0.7699,0.7809
0.881,0.7141,0.774,0.7841
0.8808,0.7132,0.7734,0.7835
0.8806,0.713,0.7731,0.7833
0.879,0.71,0.7704,0.781
0.8784,0.7089,0.7697,0.7802
0.8782,0.7086,0.7694,0.78
0.8773,0.7073,0.7679,0.7788
0.8729,0.7005,0.7621,0.7735
0.8724,0.6999,0.7615,0.773
0.8707,0.7022,0.7626,0.7746
0.8707,0.7022,0.7626,0.7747
0.8705,0.7019,0.7624,0.7744
0.8705,0.7017,0.7621,0.7743
0.8703,0.7017,0.7621,0.7742
0.8703,0.7016,0.7621,0.7742
0.87,0.701,0.7616,0.7737
0.8697,0.7007,0.7612,0.7734
0.8692,0.6984,0.7606,0.7721
0.8692,0.6984,0.7606,0.7721
0.869,0.6998,0.7605,0.7727
0.8689,0.6997,0.7606,0.7728
0.8686,0.6976,0.7597,0.7715
0.8682,0.6959,0.7577,0.77
0.8681,0.6968,0.759,0.7708
0.868,0.6944,0.7566,0.7688
0.8674,0.6941,0.7563,0.7685
0.8667,0.6821,0.7463,0.7588
0.8663,0.6808,0.7453,0.7578
0.8663,0.6935,0.7563,0.7683
0.8662,0.6957,0.7573,0.7697
0.866,0.6934,0.7551,0.7679
0.866,0.6934,0.7551,0.7679
0.8655,0.6893,0.7525,0.7649
0.8653,0.679,0.7439,0.7565
0.8645,0.6785,0.7425,0.7558
0.8641,0.6766,0.7413,0.7544
0.8637,0.6902,0.7534,0.7658
0.8636,0.6761,0.7408,0.7541
0.8634,0.6751,0.74,0.7532
0.8633,0.6765,0.7406,0.7542
0.8624,0.6753,0.7399,0.7535
0.8622,0.6749,0.7398,0.7531
0.8617,0.6725,0.7379,0.7512
0.8613,0.6726,0.738,0.7513
0.86,0.6832,0.7477,0.7605
0.8593,0.6702,0.7356,0.7496
0.8589,0.6677,0.733,0.7472
0.8587,0.6804,0.7451,0.7583
0.8587,0.6814,0.7458,0.759
0.8585,0.6803,0.7452,0.7582
0.8576,0.6796,0.7422,0.7564
0.8553,0.6744,0.7399,0.7535
0.8534,0.6724,0.7375,0.7515
0.8533,0.6721,0.7373,0.7516
0.8533,0.6721,0.7365,0.7513
0.8531,0.6709,0.7368,0.7508
0.8513,0.6658,0.7316,0.7466
0.8507,0.6647,0.7305,0.7456
0.8507,0.6645,0.7304,0.7455
0.8507,0.6645,0.7304,0.7455
0.8498,0.6635,0.7292,0.7446
0.8495,0.6613,0.7277,0.743
0.8491,0.6653,0.729,0.7454
0.849,0.6617,0.7276,0.7432
0.8486,0.6682,0.7306,0.7459
0.8476,0.6657,0.7301,0.7461
0.8473,0.6621,0.7261,0.743
0.8457,0.6597,0.7234,0.7407
0.8457,0.6597,0.7234,0.7407
0.8439,0.6492,0.7171,0.7334
0.8425,0.6504,0.7172,0.7337
0.8424,0.6502,0.7171,0.7336
0.8422,0.6522,0.718,0.7349
0.842,0.652,0.7176,0.7345
0.8419,0.6487,0.7158,0.7323
0.8419,0.6486,0.7156,0.7325
0.8413,0.651,0.7176,0.7347
0.8413,0.651,0.7176,0.7347
0.8404,0.6478,0.7141,0.7316
0.8403,0.6477,0.7142,0.7315
0.8402,0.6476,0.7139,0.7314
0.8398,0.6462,0.7128,0.7304
0.8398,0.6462,0.7128,0.7304
0.8395,0.6451,0.7115,0.7294
0.8392,0.6454,0.712,0.7297
0.8391,0.6446,0.7114,0.7291
0.8384,0.6447,0.7119,0.7293
0.8384,0.6447,0.7119,0.7293
0.8381,0.6448,0.7118,0.7291
0.8376,0.6425,0.7096,0.7275
0.8369,0.6438,0.7108,0.7288
0.8366,0.6418,0.7091,0.7267
0.8366,0.6417,0.709,0.7266
0.8365,0.6411,0.7087,0.7262
0.8362,0.6401,0.7065,0.7252
0.8361,0.6402,0.7077,0.7255
0.836,0.6427,0.7093,0.7269
0.8357,0.6407,0.7082,0.7262
0.8351,0.6391,0.7057,0.7244
0.8349,0.6464,0.7109,0.7289
0.8348,0.6362,0.7041,0.7226
0.8347,0.6313,0.6977,0.717
0.8347,0.6388,0.7059,0.7247
0.8347,0.6388,0.7059,0.7247
0.8346,0.6414,0.7076,0.7263
0.8343,0.6404,0.7073,0.726
0.8337,0.6385,0.7053,0.7241
0.8336,0.6408,0.7072,0.7257
0.8334,0.6364,0.7044,0.7224
0.8326,0.6384,0.7054,0.7244
0.8326,0.6329,0.7008,0.7199
0.8325,0.6443,0.7067,0.7258
0.8323,0.6384,0.7046,0.7238
0.8311,0.6418,0.7061,0.7247
0.8307,0.6356,0.7027,0.7213
0.8307,0.6414,0.7057,0.7245
0.8305,0.6316,0.7,0.7186
0.8303,0.6332,0.7012,0.7199
0.83,0.6374,0.7018,0.7226
0.8299,0.662,0.7176,0.7377
0.8295,0.6326,0.7004,0.72
0.8287,0.6295,0.6961,0.7166
0.8279,0.6371,0.7012,0.7203
0.8277,0.6319,0.6958,0.7172
0.8268,0.6287,0.6939,0.7154
0.8268,0.6287,0.6939,0.7154
0.8264,0.6228,0.6905,0.7112
0.8259,0.6315,0.6973,0.7185
0.8256,0.6524,0.7081,0.73
0.8252,0.6273,0.6943,0.7149
0.8251,0.6262,0.6935,0.7146
0.8249,0.6232,0.6905,0.7113
0.8247,0.6234,0.6902,0.7121
0.8243,0.6276,0.6943,0.714
0.8242,0.6503,0.7066,0.7284
0.824,0.6239,0.6898,0.7117
0.8238,0.6223,0.6894,0.7112
0.8226,0.6285,0.6929,0.7136
0.8225,0.622,0.69,0.7103
0.8224,0.6216,0.6874,0.7097
0.8221,0.6196,0.688,0.7087
0.822,0.6185,0.6861,0.7083
0.8218,0.6212,0.6892,0.7097
0.8212,0.6168,0.6847,0.7062
0.8211,0.6262,0.6908,0.7118
0.8207,0.6189,0.6878,0.7084
0.8206,0.6475,0.7052,0.7265
0.8205,0.6244,0.689,0.7096
0.8205,0.6206,0.6864,0.709
0.8201,0.6178,0.687,0.7076
0.8196,0.6237,0.6884,0.7098
0.8193,0.6189,0.6848,0.7077
0.8188,0.6242,0.6881,0.7108
0.8188,0.6152,0.6815,0.7046
0.8183,0.6168,0.6827,0.7058
0.8183,0.618,0.6842,0.7049
0.8182,0.6152,0.6846,0.7054
0.8181,0.627,0.6884,0.7115
0.8181,0.6271,0.6884,0.7116
0.8181,0.6165,0.6813,0.7052
0.8169,0.6102,0.6787,0.6998
0.8164,0.6095,0.6781,0.6992
0.8164,0.6136,0.6823,0.7038
0.8153,0.6167,0.6822,0.7044
0.8153,0.6076,0.6779,0.6998
0.8151,0.6139,0.6801,0.7014
0.8148,0.6099,0.6758,0.7001
0.8147,0.6132,0.6812,0.703
0.8136,0.6071,0.6745,0.6984
0.8131,0.6336,0.6935,0.7157
0.8131,0.635,0.6904,0.7141
0.8129,0.6107,0.6759,0.6985
0.8127,0.6353,0.6925,0.7155
0.8125,0.6159,0.6788,0.7026
0.8125,0.6058,0.6723,0.6968
0.8119,0.6055,0.6711,0.6945
0.8118,0.6453,0.6989,0.7225
0.8113,0.6161,0.6784,0.7031
0.8106,0.6431,0.6971,0.7209
0.8106,0.606,0.6755,0.6976
0.8103,0.6082,0.6748,0.697
0.8102,0.6414,0.6955,0.7195
0.8095,0.606,0.6721,0.6948
0.8094,0.6406,0.6946,0.7188
0.809,0.6393,0.6934,0.7178
0.8087,0.6048,0.6697,0.6939
0.8087,0.6048,0.6697,0.6939
0.8087,0.6048,0.6697,0.6939
0.8082,0.6099,0.6724,0.6966
0.808,0.6081,0.674,0.6972
0.808,0.6087,0.673,0.6967
0.8078,0.6085,0.6727,0.6978
0.8076,0.6027,0.6658,0.6929
0.8058,0.5998,0.6667,0.6899
0.804,0.6324,0.6856,0.711
0.8037,0.6307,0.684,0.7098
0.8036,0.5978,0.665,0.6885
0.8034,0.6016,0.6694,0.691
0.8025,0.596,0.6635,0.687
0.8024,0.5924,0.66,0.6871
0.802,0.5886,0.6576,0.6833
0.8017,0.5983,0.6619,0.6877
0.8015,0.619,0.6808,0.7045
0.8008,0.592,0.6613,0.686
0.8,0.6024,0.6638,0.6899
0.7997,0.6025,0.6645,0.69
0.7997,0.6025,0.6645,0.69
0.7995,0.5915,0.6547,0.6835
0.7992,0.584,0.6529,0.6796
0.7988,0.5884,0.6563,0.684
0.7986,0.5984,0.6641,0.6881
0.7986,0.5735,0.6449,0.6727
0.797,0.5907,0.6545,0.6831
0.7967,0.5972,0.6632,0.6868
0.795,0.5946,0.6606,0.6847
0.7936,0.5748,0.6463,0.6716
0.7926,0.588,0.6512,0.6786
0.7926,0.588,0.6512,0.6786
0.7926,0.588,0.6512,0.6786
0.7916,0.6067,0.6657,0.6925
0.7915,0.579,0.6464,0.6735
0.7904,0.5836,0.6462,0.6765
0.7901,0.5818,0.6475,0.6767
0.7894,0.5855,0.6464,0.6758
0.7885,0.5672,0.6346,0.665
0.7879,0.5665,0.6338,0.6644
0.7878,0.5837,0.6509,0.6761
0.7875,0.5748,0.64,0.6703
0.7857,0.5688,0.6367,0.6673
0.785,0.5674,0.6324,0.6639
0.7846,0.5739,0.6373,0.6692
0.7841,0.5891,0.6556,0.6813
0.7834,0.5661,0.6336,0.6649
0.7832,0.5749,0.644,0.6693
0.7831,0.557,0.6301,0.6598
0.783,0.5662,0.634,0.6648
0.7808,0.5569,0.6228,0.6555
0.7797,0.5836,0.6508,0.6772
0.7793,0.555,0.6209,0.6538
0.7791,0.5599,0.6281,0.66
0.7786,0.5616,0.6271,0.6598
0.7778,0.5605,0.6277,0.658
0.7777,0.5604,0.627,0.6596
0.7764,0.5427,0.6146,0.6478
0.7761,0.5591,0.6264,0.6566
0.7752,0.5589,0.6225,0.6561
0.7752,0.5536,0.6203,0.6552
0.7739,0.5549,0.6194,0.6539
0.7736,0.5475,0.6133,0.6479
0.7736,0.5475,0.6133,0.6479
0.7734,0.5512,0.6169,0.6511
0.7728,0.5515,0.6204,0.6533
0.7725,0.5521,0.6157,0.6509
0.772,0.5547,0.621,0.6543
0.7716,0.5509,0.6181,0.6523
0.7714,0.5641,0.6252,0.6578
0.7713,0.5535,0.6195,0.6531
0.7713,0.5535,0.6195,0.6531
0.7713,0.5457,0.6129,0.6482
0.7712,0.5692,0.6347,0.6622
0.7705,0.5469,0.6114,0.6476
0.7702,0.5443,0.6102,0.6451
0.7701,0.5486,0.6168,0.6498
0.7701,0.5443,0.6099,0.645
0.769,0.5565,0.6207,0.6535
0.7688,0.5424,0.6089,0.6439
0.7687,0.5417,0.608,0.6433
0.7686,0.5468,0.6135,0.6488
0.7686,0.5468,0.6158,0.6496
0.7685,0.5424,0.6083,0.6436
0.7685,0.5445,0.6124,0.644
0.768,0.5401,0.6063,0.6419
0.7675,0.5394,0.6064,0.6418
0.7669,0.5342,0.6013,0.638
0.7652,0.5554,0.6169,0.6509
0.7652,0.5486,0.615,0.6471
0.7651,0.5403,0.6068,0.6403
0.7651,0.5392,0.6046,0.6407
0.7638,0.5426,0.6103,0.646
0.7635,0.5513,0.6135,0.6477
0.7632,0.5448,0.6115,0.644
0.7627,0.5422,0.6055,0.6412
0.7625,0.542,0.605,0.6409
0.7623,0.5427,0.6084,0.6425
0.7618,0.546,0.6082,0.6436
0.7609,0.537,0.6014,0.6383
0.7608,0.5361,0.602,0.6372
0.7594,0.5302,0.5997,0.6328
0.7589,0.5427,0.6046,0.6408
0.7579,0.5435,0.6086,0.6431
0.7578,0.5406,0.606,0.641
0.7572,0.5318,0.5997,0.6371
0.7571,0.5401,0.606,0.6407
0.7561,0.5306,0.5962,0.6325
0.755,0.517,0.5845,0.6246
0.7548,0.5233,0.5927,0.6271
0.7548,0.5282,0.5953,0.6313
0.7546,0.5259,0.5936,0.6296
0.7541,0.5281,0.5947,0.6308
0.754,0.5294,0.5959,0.6345
0.7532,0.5298,0.5907,0.6291
0.7528,0.5312,0.5974,0.6336
0.7527,0.5387,0.5999,0.6365
0.7526,0.5355,0.5964,0.634
0.7516,0.52,0.5868,0.6249
0.7507,0.5294,0.5911,0.6294
0.7507,0.518,0.585,0.6232
0.7504,0.5301,0.5945,0.6302
0.7504,0.5209,0.5878,0.6276
0.75,0.5398,0.6051,0.6378
0.7489,0.5229,0.5889,0.6285
0.7485,0.5305,0.5908,0.6292
0.7485,0.5192,0.5853,0.6241
0.7483,0.52,0.5843,0.6218
0.7469,0.5197,0.5784,0.6185
0.7468,0.5157,0.5827,0.6234
0.7467,0.52,0.584,0.6219
0.7466,0.5273,0.5885,0.6274
0.746,0.5163,0.5812,0.6216
0.7452,0.526,0.5866,0.6255
0.7441,0.5168,0.5801,0.6186
0.7418,0.5106,0.5823,0.6185
0.7417,0.5098,0.5784,0.6163
0.7416,0.5158,0.5809,0.6223
0.7413,0.5135,0.5849,0.6201
0.7411,0.5069,0.5787,0.6162
0.7406,0.5231,0.5854,0.6246
0.7397,0.5158,0.5782,0.6184
0.7394,0.523,0.5844,0.624
0.7388,0.5129,0.5743,0.6142
0.7379,0.5077,0.5752,0.6136
0.7376,0.5108,0.5755,0.6172
0.7372,0.5128,0.5751,0.6154
0.7372,0.5049,0.5702,0.6105
0.7369,0.5207,0.5812,0.6201
0.7359,0.5081,0.5667,0.6091
0.7356,0.5087,0.5673,0.6096
0.7351,0.5068,0.5686,0.6123
0.735,0.504,0.5627,0.6052
0.735,0.5083,0.5692,0.6098
0.7349,0.5137,0.5752,0.6159
0.7346,0.5052,0.5732,0.6101
0.7346,0.5052,0.5732,0.6101
0.7344,0.5088,0.5699,0.6105
0.7343,0.5147,0.5751,0.6164
0.734,0.5075,0.5688,0.6099
0.734,0.5125,0.5743,0.6156
0.734,0.5141,0.5744,0.6159
0.7333,0.5058,0.5699,0.6128
0.7329,0.5056,0.5637,0.6064
0.7327,0.5026,0.5659,0.6056
0.7325,0.5076,0.5646,0.6081
0.7322,0.5128,0.5743,0.615
0.732,0.5001,0.559,0.6018
0.7311,0.5147,0.5758,0.6168
0.731,0.5109,0.5725,0.6145
0.7305,0.488,0.5586,0.6014
0.7289,0.4938,0.5627,0.6033
0.7283,0.5051,0.5654,0.6071
0.7276,0.5055,0.5678,0.61
0.7272,0.5063,0.5633,0.6061
0.7267,0.5073,0.5695,0.611
0.7267,0.5046,0.5634,0.6055
0.7266,0.4947,0.5603,0.6033
0.7262,0.498,0.5563,0.5996
0.7262,0.5085,0.5696,0.6114
0.7262,0.5085,0.5696,0.6114
0.726,0.5067,0.5688,0.61
0.7256,0.5041,0.5614,0.6045
0.7255,0.4983,0.5554,0.6011
0.7254,0.4944,0.5598,0.6028
0.7253,0.5021,0.5621,0.6041
0.725,0.4927,0.5585,0.6019
0.7249,0.498,0.5671,0.6026
0.7249,0.4963,0.5553,0.5993
0.7247,0.4979,0.5567,0.5998
0.7245,0.4972,0.5612,0.6039
0.7244,0.5076,0.5689,0.6106
0.724,0.5016,0.5593,0.6032
0.7236,0.4922,0.5573,0.6009
0.7235,0.4998,0.568,0.6051
0.7233,0.4869,0.5557,0.5971
0.7221,0.486,0.554,0.5959
0.7217,0.497,0.5569,0.6014
0.7207,0.5022,0.5636,0.6061
0.7205,0.4912,0.5559,0.6004
0.7197,0.4984,0.5584,0.6022
0.7194,0.4876,0.5529,0.5973
0.7192,0.4957,0.5597,0.6019
0.7191,0.4935,0.5531,0.5982
0.719,0.4996,0.5599,0.6023
0.7187,0.4906,0.5485,0.5925
0.7184,0.4922,0.5581,0.5978
0.7183,0.4786,0.5502,0.5912
0.7181,0.4907,0.549,0.5941
0.718,0.4944,0.5524,0.5982
0.7174,0.4867,0.5488,0.5962
0.7173,0.4855,0.5507,0.595
0.7166,0.492,0.5513,0.5967
0.7164,0.49,0.5508,0.5961
0.7163,0.4956,0.5529,0.5979
0.7153,0.4933,0.5508,0.5958
0.7153,0.4956,0.5531,0.5975
0.7135,0.4912,0.5489,0.5954
0.7134,0.4902,0.5483,0.5947
0.7131,0.4937,0.5505,0.5957
0.7123,0.4928,0.5505,0.5964
0.7121,0.4856,0.5426,0.5893
0.7115,0.4863,0.5441,0.5909
0.7115,0.494,0.5547,0.5985
0.7114,0.4903,0.5466,0.5928
0.7113,0.4874,0.5447,0.5908
0.7111,0.4881,0.5455,0.5912
0.7109,0.4946,0.5551,0.5985
0.7106,0.4816,0.5403,0.5871
0.7098,0.4839,0.5416,0.5873
0.7094,0.4861,0.543,0.5892
0.7089,0.4817,0.5407,0.5882
0.7085,0.4853,0.5433,0.5905
0.7078,0.4756,0.5343,0.5802
0.7074,0.4821,0.5405,0.5877
0.7069,0.4845,0.5405,0.5874
0.7065,0.4819,0.5385,0.5863
0.7051,0.4633,0.5322,0.5751
0.7031,0.4783,0.5343,0.5827
0.7011,0.4659,0.5253,0.5726
0.7008,0.472,0.5352,0.5806
0.7001,0.4735,0.5308,0.5779
0.6998,0.4635,0.5227,0.5705
0.6997,0.4731,0.5329,0.5789
0.6995,0.4716,0.5346,0.5807
0.6987,0.4711,0.5292,0.5763
0.6984,0.4614,0.5212,0.5691
0.6978,0.4591,0.5205,0.5679
0.6972,0.4528,0.5166,0.5672
0.6967,0.4501,0.5202,0.5656
0.6953,0.4487,0.5122,0.5638
0.6941,0.4709,0.5255,0.5756
0.6937,0.448,0.5118,0.563
0.6937,0.4725,0.5286,0.578
0.6912,0.4606,0.519,0.568
0.6902,0.4552,0.515,0.5636
0.6876,0.4737,0.5309,0.5795
0.6863,0.4523,0.5091,0.5631
0.6851,0.4516,0.5079,0.562
0.6831,0.4439,0.5021,0.5561
0.6828,0.4562,0.5114,0.5635
0.6811,0.478,0.5343,0.5814
0.6799,0.4502,0.5081,0.559
0.674,0.4502,0.5009,0.5585
0.6733,0.4444,0.5029,0.5554
0.6667,0.4298,0.4858,0.5446
0.6653,0.4326,0.4862,0.5456
0.6653,0.4326,0.4862,0.5456
0.6611,0.4327,0.4888,0.5432
0.6597,0.4301,0.4886,0.5448
0.6579,0.4273,0.4858,0.5424
0.6516,0.4323,0.4825,0.5438
0.6499,0.4005,0.4653,0.5243
0.6493,0.4182,0.4728,0.5294
0.6444,0.4263,0.4757,0.5385
0.6436,0.4187,0.4691,0.5319
0.641,0.4127,0.4664,0.5248
0.64,0.4108,0.4629,0.5254
0.6385,0.4101,0.4621,0.5253
0.6364,0.4021,0.4558,0.5199
0.6356,0.415,0.4649,0.527
0.6348,0.405,0.4555,0.5202
0.6306,0.3983,0.4494,0.5151
0.6296,0.4033,0.4534,0.5191
0.6255,0.3955,0.4453,0.5121
0.625,0.3919,0.4444,0.511
0.6234,0.4045,0.4526,0.5187
0.6222,0.4047,0.4531,0.5191
0.6203,0.4008,0.4494,0.5169
0.6197,0.4023,0.4502,0.5166
0.6191,0.4046,0.4515,0.519
0.6165,0.3858,0.4349,0.5046
0.6142,0.3868,0.4349,0.5027
0.6134,0.3847,0.4332,0.5029
0.6132,0.3857,0.4343,0.5038
0.6128,0.3857,0.4339,0.5038
0.6121,0.3974,0.4442,0.5122
0.6103,0.3975,0.4445,0.5124
0.6096,0.3838,0.4331,0.5016
0.6043,0.393,0.4384,0.5073
0.5992,0.3707,0.4175,0.4892
0.5975,0.3751,0.422,0.4933
0.5972,0.3775,0.4237,0.4966
0.597,0.3774,0.4237,0.4965
0.5955,0.3636,0.4125,0.4857
0.5941,0.3773,0.4237,0.4946
0.5941,0.3767,0.4213,0.4887
0.5935,0.3769,0.4231,0.4949
0.5908,0.3831,0.426,0.4981
0.5904,0.3802,0.4239,0.4968
0.5904,0.3802,0.4239,0.4968
0.5824,0.3649,0.4104,0.4826
0.5821,0.3752,0.4187,0.491
0.5799,0.3551,0.4005,0.4755
0.5786,0.3764,0.4185,0.4916
0.5742,0.3631,0.4058,0.4805
0.5726,0.3494,0.3943,0.4703
0.5697,0.3476,0.3914,0.467
0.5695,0.3534,0.3964,0.4724
0.5671,0.3652,0.4068,0.4812
0.5666,0.351,0.3945,0.4701
0.5664,0.3502,0.3939,0.4699
0.5645,0.3539,0.3962,0.4723
0.5645,0.3539,0.3962,0.4723
0.5645,0.3539,0.3962,0.4723
0.564,0.3625,0.4046,0.4783
0.5639,0.3548,0.3976,0.4735
0.5558,0.3514,0.392,0.4691
0.5547,0.3525,0.3933,0.4698
0.5522,0.3487,0.3894,0.4666
0.5522,0.3487,0.3894,0.4666
0.5522,0.3487,0.3894,0.4666
0.5522,0.3487,0.3894,0.4666
0.5522,0.3487,0.3894,0.4666
0.5493,0.3371,0.3787,0.4542
0.545,0.3239,0.3648,0.4474
0.5334,0.3348,0.3742,0.455
0.5334,0.3348,0.3742,0.455
0.5334,0.3348,0.3742,0.455
0.5319,0.3417,0.3774,0.4559
0.5314,0.3341,0.3712,0.4523
0.5295,0.3382,0.3743,0.4534
0.5293,0.3392,0.3751,0.4539
0.5276,0.337,0.3729,0.4521
0.5258,0.3365,0.3689,0.4497
0.5204,0.3318,0.3664,0.4476
0.5196,0.3315,0.3658,0.4473
0.517,0.3301,0.3648,0.4473
0.5166,0.3265,0.362,0.4443
0.5162,0.3189,0.3566,0.4382
0.5152,0.3247,0.3601,0.443
0.5143,0.3269,0.3612,0.4435
0.514,0.303,0.3425,0.4288
0.5138,0.3255,0.3601,0.4426
0.5126,0.3251,0.3595,0.442
0.5125,0.3252,0.3594,0.4421
0.512,0.3242,0.359,0.4414
0.5098,0.3232,0.3571,0.4403
0.5089,0.3211,0.3555,0.4388
0.5074,0.3207,0.3548,0.4383
0.5073,0.3218,0.3554,0.4391
0.5062,0.3172,0.3521,0.4358
0.5039,0.2947,0.3322,0.4224
0.5007,0.316,0.3495,0.4342
0.5006,0.3159,0.3494,0.4341
0.5002,0.3158,0.3492,0.4341
0.5002,0.3158,0.3492,0.4341
0.5002,0.3157,0.3492,0.434
0.5002,0.3158,0.3492,0.434
0.5001,0.3157,0.3491,0.434
0.5001,0.3157,0.3491,0.434
0.5001,0.3157,0.3491,0.434
0.5001,0.3157,0.3491,0.434
0.5001,0.3156,0.3491,0.4339
0.5001,0.3156,0.3491,0.4339
0.5001,0.3157,0.3491,0.4339
0.5001,0.3157,0.3491,0.4339
0.5001,0.3157,0.3491,0.4339
0.5001,0.3156,0.3491,0.4339
0.5001,0.3157,0.3491,0.434
0.5001,0.3157,0.3491,0.4339
0.5,0.3157,0.3491,0.434
0.5,0.3156,0.349,0.4339
0.5,0.3156,0.3491,0.4339
0.5,0.3156,0.349,0.4339
0.5,0.3157,0.349,0.434
0.5,0.3156,0.349,0.4339
0.5,0.3157,0.3491,0.4339
0.5,0.3157,0.3491,0.434
0.5,0.3157,0.3491,0.434
0.5,0.3157,0.3491,0.4339
0.5,0.3156,0.349,0.4339
0.5,0.3156,0.349,0.4339
0.5,0.3156,0.349,0.4339
0.5,0.3156,0.349,0.4339
0.5,0.3156,0.3491,0.4339
0.5,0.3156,0.349,0.4339
0.5,0.3156,0.349,0.4339
0.5,0.3156,0.3491,0.4339
0.4999,0.3157,0.3491,0.4339
0.4999,0.3156,0.349,0.4339
0.4999,0.3156,0.349,0.4339
0.4999,0.3156,0.349,0.4339
0.4999,0.3156,0.349,0.4339
0.4999,0.3156,0.349,0.4339
0.4999,0.3156,0.349,0.4339
0.4999,0.3156,0.349,0.4339
0.4999,0.3155,0.3489,0.4339
0.4999,0.3155,0.3489,0.4339
0.4999,0.3155,0.3489,0.4339
0.4999,0.3156,0.349,0.4339
0.4999,0.3155,0.349,0.4338
0.4999,0.3156,0.3491,0.4339
0.4999,0.3156,0.3491,0.4339
0.4999,0.3155,0.3489,0.4338
0.4999,0.3155,0.3489,0.4338
0.4999,0.3155,0.3489,0.4338
0.4999,0.3155,0.3489,0.4338
0.4999,0.3155,0.3489,0.4338
0.4999,0.3155,0.3489,0.4338
0.4999,0.3155,0.3489,0.4338
0.4999,0.3155,0.3489,0.4338
0.4999,0.3156,0.349,0.4339
0.4999,0.3156,0.349,0.4339
0.4999,0.3156,0.349,0.4339
0.4999,0.3156,0.349,0.4339
0.4999,0.3156,0.349,0.4339
0.4999,0.3156,0.349,0.4339
0.4999,0.3155,0.3489,0.4338
0.4998,0.3156,0.3489,0.4338
0.4998,0.3156,0.3489,0.4338
0.4998,0.3156,0.3489,0.4338
0.4998,0.3156,0.3489,0.4338
0.4998,0.3156,0.3489,0.4338
0.4998,0.3156,0.3489,0.4338
0.4998,0.3156,0.3489,0.4338
0.4998,0.3156,0.3489,0.4338
0.4998,0.3156,0.3489,0.4338
0.4998,0.3156,0.3489,0.4338
0.4998,0.3156,0.3489,0.4338
0.4998,0.3156,0.3489,0.4338
0.4998,0.3156,0.3489,0.4338
0.4998,0.3156,0.3489,0.4338
0.4998,0.3156,0.3489,0.4338
0.4998,0.3156,0.3489,0.4338
0.4998,0.3156,0.3489,0.4338
0.4998,0.3156,0.3489,0.4338
0.4998,0.3156,0.3489,0.4338
0.4998,0.3156,0.3489,0.4338
0.4998,0.3156,0.3489,0.4338
0.4998,0.3156,0.3489,0.4338
0.4998,0.3156,0.3489,0.4338
0.4998,0.3156,0.3489,0.4338
0.4998,0.3156,0.3489,0.4338
0.4998,0.3156,0.3489,0.4338
0.4998,0.3156,0.3489,0.4338
0.4998,0.3156,0.3489,0.4338
0.4998,0.3156,0.3489,0.4338
0.4998,0.3156,0.3489,0.4338
0.4998,0.3156,0.3489,0.4338
0.4998,0.3156,0.3489,0.4338
0.4998,0.3156,0.3489,0.4338
0.4998,0.3156,0.3489,0.4338
0.4998,0.3156,0.3489,0.4338
0.4998,0.3156,0.3489,0.4338
0.4998,0.3156,0.3489,0.4338
0.4998,0.3156,0.3489,0.4338
0.4998,0.3156,0.3489,0.4338
0.4998,0.3156,0.3489,0.4338
0.4998,0.3156,0.3489,0.4338
0.4998,0.3156,0.3489,0.4338
0.4998,0.3156,0.3489,0.4338
0.4998,0.3156,0.3489,0.4338
0.4998,0.3156,0.3489,0.4338
0.4998,0.3156,0.3489,0.4338
0.4998,0.3156,0.3489,0.4338
0.4998,0.3156,0.3489,0.4338
0.4998,0.3156,0.3489,0.4338
0.4998,0.3156,0.3489,0.4338
0.4998,0.3156,0.3489,0.4338
0.4998,0.3156,0.3489,0.4338
0.4998,0.3156,0.3489,0.4338
0.4998,0.3156,0.3489,0.4338
0.4998,0.3156,0.3489,0.4338
0.4998,0.3156,0.3489,0.4338
0.4998,0.3156,0.3489,0.4338
0.4998,0.3156,0.3489,0.4338
0.4998,0.3156,0.3489,0.4338
0.4998,0.3156,0.3489,0.4338
0.4998,0.3156,0.3489,0.4338
0.4998,0.3156,0.3489,0.4338
0.4998,0.3156,0.3489,0.4338
0.4998,0.3156,0.3489,0.4338
0.4998,0.3156,0.3489,0.4338
0.4998,0.3156,0.3489,0.4338
0.4998,0.3156,0.3489,0.4338
0.4998,0.3156,0.3489,0.4338
0.4998,0.3156,0.3489,0.4338
0.4998,0.3156,0.3489,0.4338
0.4998,0.3156,0.3489,0.4338
0.4998,0.3156,0.3489,0.4338
0.4998,0.3156,0.3489,0.4338
0.4998,0.3156,0.3489,0.4338
0.4998,0.3156,0.3489,0.4338
0.4998,0.3156,0.3489,0.4338
0.4998,0.3156,0.3489,0.4338
0.4998,0.3156,0.3489,0.4338
0.4998,0.3156,0.3489,0.4338
0.4998,0.3156,0.3489,0.4338
0.4998,0.3156,0.3489,0.4338
0.4998,0.3156,0.3489,0.4338
0.4998,0.3156,0.3489,0.4338
0.4992,0.3155,0.3487,0.4336
0.499,0.3154,0.3486,0.4336
0.4974,0.3143,0.3473,0.4327
0.4973,0.3135,0.3467,0.4321
0.4933,0.311,0.3434,0.4299
0.4932,0.3017,0.3375,0.4233
0.4902,0.3091,0.3412,0.4282
0.4898,0.3066,0.3394,0.4265
0.4883,0.3012,0.3329,0.4242
0.4872,0.3037,0.3353,0.4234
0.484,0.3064,0.3374,0.4256
0.4839,0.3063,0.3372,0.4255
0.4827,0.3057,0.3364,0.4246
0.4633,0.29,0.3184,0.4093
0.4492,0.2729,0.2997,0.3957
0.4492,0.2729,0.2997,0.3957
0.4439,0.2725,0.2971,0.3949
0.4397,0.2633,0.287,0.3883
0.4329,0.2603,0.2841,0.3841
0.4324,0.2641,0.2881,0.387
0.4203,0.2597,0.2802,0.3821
0.4179,0.2576,0.2777,0.3801
0.4179,0.2576,0.2777,0.3801
0.4171,0.2577,0.2774,0.38
0.4169,0.2572,0.2769,0.3796
0.3839,0.2397,0.2547,0.3596
0.3714,0.2347,0.2458,0.3548
0.3084,0.203,0.2052,0.3199
0.3028,0.2015,0.2036,0.3176
0.278,0.1952,0.1948,0.3081